login,posId,symbol,type,volume,openTime,openPrice,closeTime,closePrice,profit,swap,commission,date
11325036,49992643,XAUUSD.c,buy,0.01,1782100860,4208.44,1782101234,4212.82,4.38,0.0,0.0,2026-06-22
11325036,49992960,XAUUSD.c,buy,0.02,1782100874,4205.76,1782101234,4212.87,14.22,0.0,0.0,2026-06-22
11325036,49994081,XAUUSD.c,buy,0.03,1782101085,4203.14,1782101234,4212.87,29.19,0.0,0.0,2026-06-22
11325036,49997802,XAUUSD.c,buy,0.01,1782101760,4214.65,1782103088,4201.86,-12.79,0.0,0.0,2026-06-22
11325036,49997902,XAUUSD.c,buy,0.02,1782101830,4212.11,1782103088,4201.85,-20.52,0.0,0.0,2026-06-22
11325036,49997975,XAUUSD.c,buy,0.03,1782101835,4209.64,1782103088,4201.85,-23.37,0.0,0.0,2026-06-22
11325036,49998274,XAUUSD.c,buy,0.05,1782102010,4207.0,1782103088,4201.85,-25.75,0.0,0.0,2026-06-22
11325036,49999236,XAUUSD.c,buy,0.08,1782102608,4204.43,1782103088,4201.85,-20.64,0.0,0.0,2026-06-22
11325036,49999959,XAUUSD.c,buy,0.12,1782102693,4201.93,1782103088,4201.85,-0.96,0.0,0.0,2026-06-22
11325036,50000704,XAUUSD.c,buy,0.18,1782102720,4199.3,1782103088,4201.85,45.9,0.0,0.0,2026-06-22
11325036,50002167,XAUUSD.c,buy,0.27,1782102742,4196.76,1782103088,4201.85,137.43,0.0,0.0,2026-06-22
11325036,50005936,XAUUSD.c,sell,0.01,1782103620,4195.84,1782108621,4181.52,14.32,0.0,0.0,2026-06-22
11325036,50006038,XAUUSD.c,sell,0.02,1782103683,4198.39,1782108621,4181.44,33.9,0.0,0.0,2026-06-22
11325036,50023779,XAUUSD.c,sell,0.01,1782108840,4180.84,1782117058,4191.1,-10.26,0.0,0.0,2026-06-22
11325036,50031171,XAUUSD.c,sell,0.02,1782115717,4183.34,1782117058,4191.1,-15.52,0.0,0.0,2026-06-22
11325036,50032366,XAUUSD.c,sell,0.03,1782115833,4185.97,1782117058,4191.1,-15.39,0.0,0.0,2026-06-22
11325036,50034118,XAUUSD.c,sell,0.05,1782116693,4188.57,1782117058,4191.1,-12.65,0.0,0.0,2026-06-22
11325036,50034773,XAUUSD.c,sell,0.08,1782116961,4191.07,1782117058,4191.1,-0.24,0.0,0.0,2026-06-22
11325036,50035615,XAUUSD.c,sell,0.12,1782116997,4193.77,1782117058,4191.16,31.32,0.0,0.0,2026-06-22
11325036,50036222,XAUUSD.c,sell,0.18,1782117007,4196.28,1782117058,4191.16,92.16,0.0,0.0,2026-06-22
11325036,50039019,XAUUSD.c,buy,0.01,1782117540,4197.27,1782121503,4202.69,5.42,0.0,0.0,2026-06-22
11325036,50039194,XAUUSD.c,buy,0.02,1782117632,4194.77,1782121503,4202.69,15.84,0.0,0.0,2026-06-22
11325036,50039489,XAUUSD.c,buy,0.03,1782117994,4192.27,1782121503,4202.69,31.26,0.0,0.0,2026-06-22
11325036,50047136,XAUUSD.c,buy,0.01,1782121560,4204.48,1782129208,4195.93,-8.55,0.0,0.0,2026-06-22
11325036,50047299,XAUUSD.c,buy,0.02,1782121659,4201.78,1782129208,4195.93,-11.7,0.0,0.0,2026-06-22
11325036,50049450,XAUUSD.c,buy,0.03,1782122301,4199.28,1782129208,4195.93,-10.05,0.0,0.0,2026-06-22
11325036,50050985,XAUUSD.c,buy,0.05,1782124240,4195.75,1782129208,4195.93,0.9,0.0,0.0,2026-06-22
11325036,50052554,XAUUSD.c,buy,0.08,1782124914,4193.25,1782129208,4195.96,21.68,0.0,0.0,2026-06-22
11325036,50053175,XAUUSD.c,buy,0.12,1782125658,4190.75,1782129208,4195.96,62.52,0.0,0.0,2026-06-22
11325036,50056436,XAUUSD.c,buy,0.01,1782129240,4197.62,1782133913,4212.75,15.13,0.0,0.0,2026-06-22
11325036,50056573,XAUUSD.c,buy,0.02,1782129466,4195.1,1782133913,4212.75,35.3,0.0,0.0,2026-06-22
46156695,163008600,XAUUSD,sell,0.23,1782107520,4191.19,1782110568,4176.53,337.18,0.0,0.0,2026-06-22
46156695,163015208,XAUUSD,sell,0.23,1782119721,4195.01,1782154152,4174.97,460.92,0.0,0.0,2026-06-22
97060181,890998011,XAUUSD.v,buy,0.01,1782100829,4217.22,1782116980,4192.18,-25.04,0.0,0.0,2026-06-22
97060181,891109403,XAUUSD.v,buy,0.02,1782102612,4205.75,1782116979,4192.19,-27.12,0.0,0.0,2026-06-22
97060181,891110502,XAUUSD.v,buy,0.03,1782102629,4205.36,1782116979,4192.19,-39.51,0.0,0.0,2026-06-22
97060181,891110506,XAUUSD.v,sell,0.01,1782102630,4204.85,1782116979,4192.61,12.24,0.0,0.0,2026-06-22
97060181,891116959,XAUUSD.v,buy,0.03,1782102712,4200.54,1782116979,4192.19,-25.05,0.0,0.0,2026-06-22
97060181,891116980,XAUUSD.v,sell,0.01,1782102712,4200.19,1782116979,4192.61,7.58,0.0,0.0,2026-06-22
97060181,891130769,XAUUSD.v,buy,0.04,1782102834,4195.64,1782116979,4192.19,-13.8,0.0,0.0,2026-06-22
97060181,891130825,XAUUSD.v,sell,0.02,1782102835,4195.23,1782116979,4192.61,5.24,0.0,0.0,2026-06-22
97060181,891196659,XAUUSD.v,buy,0.04,1782104326,4190.44,1782116979,4192.19,7.0,0.0,0.0,2026-06-22
97060181,891196723,XAUUSD.v,sell,0.02,1782104327,4189.89,1782116979,4192.61,-5.44,0.0,0.0,2026-06-22
97060181,891240567,XAUUSD.v,buy,0.05,1782105271,4186.11,1782116979,4192.19,30.4,0.0,0.0,2026-06-22
97060181,891240592,XAUUSD.v,sell,0.02,1782105272,4185.89,1782116979,4192.61,-13.44,0.0,0.0,2026-06-22
97060181,891369033,XAUUSD.v,buy,0.06,1782108603,4181.23,1782116979,4192.19,65.76,0.0,0.0,2026-06-22
97060181,891369087,XAUUSD.v,sell,0.03,1782108604,4180.57,1782116979,4192.61,-36.12,0.0,0.0,2026-06-22
97060181,891387855,XAUUSD.v,sell,0.02,1782108899,4178.82,1782109031,4177.02,3.6,0.0,0.0,2026-06-22
97060181,891390243,XAUUSD.v,sell,0.03,1782108912,4179.78,1782109034,4174.6,15.54,0.0,0.0,2026-06-22
97060181,891390274,XAUUSD.v,buy,0.01,1782108912,4180.11,1782109034,4174.18,-5.93,0.0,0.0,2026-06-22
97060181,891402446,XAUUSD.v,sell,0.02,1782109041,4174.61,1782111395,4172.85,3.52,0.0,0.0,2026-06-22
97060181,891402463,XAUUSD.v,buy,0.07,1782109041,4175.16,1782116979,4192.19,119.21,0.0,0.0,2026-06-22
97060181,891402578,XAUUSD.v,sell,0.03,1782109042,4174.83,1782116979,4192.61,-53.34,0.0,0.0,2026-06-22
97060181,891403397,XAUUSD.v,sell,0.03,1782109048,4175.55,1782111400,4172.63,8.76,0.0,0.0,2026-06-22
97060181,891403419,XAUUSD.v,buy,0.01,1782109049,4176.01,1782111400,4172.21,-3.8,0.0,0.0,2026-06-22
97060181,891421412,XAUUSD.v,sell,0.03,1782109510,4179.87,1782111400,4172.63,21.72,0.0,0.0,2026-06-22
97060181,891421434,XAUUSD.v,buy,0.01,1782109510,4180.29,1782111400,4172.21,-8.08,0.0,0.0,2026-06-22
97060181,891465147,XAUUSD.v,sell,0.02,1782111407,4172.14,1782143782,4195.88,-47.48,0.0,0.0,2026-06-22
97060181,891476622,XAUUSD.v,sell,0.03,1782111818,4172.63,1782143782,4195.88,-69.75,0.0,0.0,2026-06-22
97060181,891476630,XAUUSD.v,buy,0.01,1782111818,4173.05,1782143782,4195.46,22.41,0.0,0.0,2026-06-22
97060181,891487835,XAUUSD.v,sell,0.03,1782112180,4177.85,1782143782,4195.88,-54.09,0.0,0.0,2026-06-22
97060181,891488104,XAUUSD.v,buy,0.01,1782112180,4178.27,1782143782,4195.46,17.19,0.0,0.0,2026-06-22
97060181,891560448,XAUUSD.v,sell,0.04,1782115678,4181.78,1782143782,4195.88,-56.4,0.0,0.0,2026-06-22
97060181,891560493,XAUUSD.v,buy,0.02,1782115678,4182.19,1782143782,4195.46,26.54,0.0,0.0,2026-06-22
97060181,891580778,XAUUSD.v,sell,0.04,1782116021,4185.95,1782143782,4195.88,-39.72,0.0,0.0,2026-06-22
97060181,891580896,XAUUSD.v,buy,0.02,1782116021,4186.36,1782143782,4195.46,18.2,0.0,0.0,2026-06-22
97060181,891609110,XAUUSD.v,sell,0.05,1782116958,4190.61,1782143782,4195.88,-26.35,0.0,0.0,2026-06-22
97060181,891609207,XAUUSD.v,buy,0.02,1782116959,4191.01,1782143782,4195.46,8.9,0.0,0.0,2026-06-22
97060181,891616304,XAUUSD.v,buy,0.02,1782116994,4193.66,1782117001,4195.27,3.22,0.0,0.0,2026-06-22
97060181,891623320,XAUUSD.v,buy,0.02,1782117007,4195.64,1782117394,4197.49,3.7,0.0,0.0,2026-06-22
97060181,891623373,XAUUSD.v,sell,0.06,1782117007,4196.02,1782143782,4195.88,0.84,0.0,0.0,2026-06-22
97060181,891623688,XAUUSD.v,buy,0.03,1782117008,4197.07,1782143782,4195.46,-4.83,0.0,0.0,2026-06-22
97060181,891625790,XAUUSD.v,buy,0.03,1782117020,4194.97,1782117401,4196.19,3.66,0.0,0.0,2026-06-22
97060181,891625810,XAUUSD.v,sell,0.01,1782117020,4194.37,1782117401,4196.61,-2.24,0.0,0.0,2026-06-22
97060181,891631063,XAUUSD.v,buy,0.03,1782117077,4190.76,1782117401,4196.19,16.29,0.0,0.0,2026-06-22
97060181,891631077,XAUUSD.v,sell,0.01,1782117077,4190.27,1782117401,4196.61,-6.34,0.0,0.0,2026-06-22
97060181,891649510,XAUUSD.v,buy,0.02,1782117409,4196.99,1782119882,4198.63,3.28,0.0,0.0,2026-06-22
97060181,891649758,XAUUSD.v,buy,0.03,1782117416,4196.61,1782119888,4198.14,4.59,0.0,0.0,2026-06-22
97060181,891649772,XAUUSD.v,sell,0.01,1782117417,4196.21,1782119888,4198.56,-2.35,0.0,0.0,2026-06-22
97060181,891670801,XAUUSD.v,buy,0.03,1782117994,4192.23,1782119888,4198.14,17.73,0.0,0.0,2026-06-22
97060181,891670971,XAUUSD.v,sell,0.01,1782117994,4191.79,1782119888,4198.56,-6.77,0.0,0.0,2026-06-22
97060181,891737293,XAUUSD.v,buy,0.02,1782119896,4198.12,1782120272,4200.06,3.88,0.0,0.0,2026-06-22
97060181,891737726,XAUUSD.v,buy,0.03,1782119909,4197.57,1782120275,4199.78,6.63,0.0,0.0,2026-06-22
97060181,891737732,XAUUSD.v,sell,0.01,1782119909,4197.15,1782120275,4200.2,-3.05,0.0,0.0,2026-06-22
97060181,891749289,XAUUSD.v,buy,0.02,1782120283,4200.4,1782121486,4202.21,3.62,0.0,0.0,2026-06-22
97060181,891749549,XAUUSD.v,sell,0.07,1782120290,4200.35,1782143782,4195.88,31.29,0.0,0.0,2026-06-22
97060181,891749605,XAUUSD.v,buy,0.03,1782120291,4200.78,1782143782,4195.46,-15.96,0.0,0.0,2026-06-22
97060181,891751728,XAUUSD.v,buy,0.03,1782120318,4199.91,1782121490,4202.34,7.29,0.0,0.0,2026-06-22
97060181,891751742,XAUUSD.v,sell,0.01,1782120318,4199.36,1782121490,4202.76,-3.4,0.0,0.0,2026-06-22
97060181,891760918,XAUUSD.v,buy,0.03,1782120625,4195.5,1782121490,4202.34,20.52,0.0,0.0,2026-06-22
97060181,891760939,XAUUSD.v,sell,0.01,1782120625,4195.08,1782121490,4202.76,-7.68,0.0,0.0,2026-06-22
97060181,891803034,XAUUSD.v,sell,0.08,1782121876,4205.5,1782143782,4195.88,76.96,0.0,0.0,2026-06-22
97060181,891803066,XAUUSD.v,buy,0.04,1782121876,4206.36,1782143782,4195.46,-43.6,0.0,0.0,2026-06-22
97060181,891868589,XAUUSD.v,buy,0.02,1782124208,4197.71,1782124383,4199.35,3.28,0.0,0.0,2026-06-22
97060181,891873222,XAUUSD.v,buy,0.03,1782124246,4195.45,1782124388,4199.35,11.7,0.0,0.0,2026-06-22
97060181,891873299,XAUUSD.v,sell,0.01,1782124246,4194.73,1782124388,4199.77,-5.04,0.0,0.0,2026-06-22
97060181,891885187,XAUUSD.v,buy,0.02,1782124396,4199.81,1782129882,4201.4,3.18,0.0,0.0,2026-06-22
97060181,891885850,XAUUSD.v,buy,0.03,1782124407,4199.38,1782126884,4189.73,-28.95,0.0,0.0,2026-06-22
97060181,891885853,XAUUSD.v,sell,0.01,1782124407,4198.98,1782129889,4202.89,-3.91,0.0,0.0,2026-06-22
97060181,891895105,XAUUSD.v,buy,0.03,1782124799,4195.15,1782126678,4189.71,-16.32,0.0,0.0,2026-06-22
97060181,891895107,XAUUSD.v,sell,0.01,1782124800,4194.98,1782129889,4202.89,-7.91,0.0,0.0,2026-06-22
97060181,891922812,XAUUSD.v,buy,0.04,1782125660,4190.77,1782125827,4189.68,-4.36,0.0,0.0,2026-06-22
97060181,891922822,XAUUSD.v,sell,0.02,1782125660,4190.49,1782129889,4202.89,-24.8,0.0,0.0,2026-06-22
97060181,891929136,XAUUSD.v,buy,0.04,1782125838,4190.61,1782126112,4188.74,-7.48,0.0,0.0,2026-06-22
97060181,891929138,XAUUSD.v,sell,0.02,1782125838,4190.19,1782126009,4190.31,-0.24,0.0,0.0,2026-06-22
97060181,891939414,XAUUSD.v,buy,0.04,1782126117,4189.32,1782127855,4189.16,-0.64,0.0,0.0,2026-06-22
97060181,891939417,XAUUSD.v,sell,0.02,1782126118,4188.9,1782126262,4190.1,-2.4,0.0,0.0,2026-06-22
97060181,891994646,XAUUSD.v,buy,0.03,1782127860,4190.11,1782128056,4189.39,-2.16,0.0,0.0,2026-06-22
97060181,891994709,XAUUSD.v,sell,0.01,1782127861,4189.74,1782127956,4189.97,-0.23,0.0,0.0,2026-06-22
97060181,891998855,XAUUSD.v,buy,0.03,1782128066,4190.04,1782129889,4202.47,37.29,0.0,0.0,2026-06-22
97060181,891998859,XAUUSD.v,sell,0.01,1782128066,4189.62,1782129889,4202.89,-13.27,0.0,0.0,2026-06-22
97060181,892063032,XAUUSD.v,buy,0.02,1782129898,4202.41,1782129973,4204.07,3.32,0.0,0.0,2026-06-22
97060181,892063869,XAUUSD.v,buy,0.03,1782129913,4202.6,1782129981,4205.33,8.19,0.0,0.0,2026-06-22
97060181,892063884,XAUUSD.v,sell,0.01,1782129913,4202.25,1782129981,4205.75,-3.5,0.0,0.0,2026-06-22
97060181,892077416,XAUUSD.v,buy,0.02,1782129992,4207.27,1782130007,4209.18,3.82,0.0,0.0,2026-06-22
97060181,892077980,XAUUSD.v,buy,0.03,1782129999,4206.66,1782130009,4208.9,6.72,0.0,0.0,2026-06-22
97060181,892078005,XAUUSD.v,sell,0.01,1782129999,4206.21,1782130009,4209.32,-3.11,0.0,0.0,2026-06-22
97060181,892080976,XAUUSD.v,buy,0.02,1782130021,4208.19,1782133020,4209.81,3.24,0.0,0.0,2026-06-22
97060181,892082933,XAUUSD.v,buy,0.03,1782130082,4207.49,1782133023,4209.76,6.81,0.0,0.0,2026-06-22
97060181,892082944,XAUUSD.v,sell,0.01,1782130083,4207.07,1782133023,4210.18,-3.11,0.0,0.0,2026-06-22
97060181,892120099,XAUUSD.v,buy,0.03,1782131426,4203.02,1782133023,4209.76,20.22,0.0,0.0,2026-06-22
97060181,892120139,XAUUSD.v,sell,0.01,1782131427,4202.61,1782133023,4210.18,-7.57,0.0,0.0,2026-06-22
97060181,892147240,XAUUSD.v,sell,0.09,1782132075,4209.77,1782143782,4195.88,125.01,0.0,0.0,2026-06-22
97060181,892147257,XAUUSD.v,buy,0.04,1782132075,4210.18,1782143782,4195.46,-58.88,0.0,0.0,2026-06-22
97060181,892168756,XAUUSD.v,buy,0.02,1782133030,4209.76,1782133773,4211.43,3.34,0.0,0.0,2026-06-22
97060181,892169086,XAUUSD.v,buy,0.03,1782133068,4209.36,1782133776,4210.95,4.77,0.0,0.0,2026-06-22
97060181,892169088,XAUUSD.v,sell,0.01,1782133068,4208.99,1782133776,4211.37,-2.38,0.0,0.0,2026-06-22
97060181,892183711,XAUUSD.v,buy,0.02,1782133781,4210.99,1782133908,4212.58,3.18,0.0,0.0,2026-06-22
97060181,892185414,XAUUSD.v,buy,0.03,1782133849,4210.55,1782133914,4212.82,6.81,0.0,0.0,2026-06-22
97060181,892185420,XAUUSD.v,sell,0.01,1782133850,4210.14,1782133914,4213.24,-3.1,0.0,0.0,2026-06-22
97060181,892193803,XAUUSD.v,buy,0.02,1782133921,4213.66,1782147296,4203.63,-20.06,0.0,0.0,2026-06-22
97060181,892195696,XAUUSD.v,buy,0.03,1782133963,4212.78,1782147296,4203.63,-27.45,0.0,0.0,2026-06-22
97060181,892195713,XAUUSD.v,sell,0.01,1782133963,4212.32,1782147296,4204.05,8.27,0.0,0.0,2026-06-22
97060181,892209745,XAUUSD.v,buy,0.03,1782134477,4208.59,1782147296,4203.63,-14.88,0.0,0.0,2026-06-22
97060181,892209764,XAUUSD.v,sell,0.01,1782134477,4208.17,1782147296,4204.05,4.12,0.0,0.0,2026-06-22
97060181,892263755,XAUUSD.v,buy,0.04,1782136743,4204.4,1782147296,4203.63,-3.08,0.0,0.0,2026-06-22
97060181,892263788,XAUUSD.v,sell,0.02,1782136743,4203.97,1782147296,4204.05,-0.16,0.0,0.0,2026-06-22
97060181,892291517,XAUUSD.v,sell,0.11,1782137218,4214.1,1782143782,4195.88,200.42,0.0,0.0,2026-06-22
97060181,892291528,XAUUSD.v,buy,0.05,1782137219,4214.64,1782143782,4195.46,-95.9,0.0,0.0,2026-06-22
97060181,892459619,XAUUSD.v,buy,0.04,1782143450,4199.76,1782143776,4195.74,-16.08,0.0,0.0,2026-06-22
97060181,892459792,XAUUSD.v,sell,0.02,1782143451,4199.41,1782147296,4204.05,-9.28,0.0,0.0,2026-06-22
97060181,892478173,XAUUSD.v,sell,0.02,1782143800,4195.29,1782143920,4193.64,3.3,0.0,0.0,2026-06-22
97060181,892478177,XAUUSD.v,buy,0.04,1782143800,4195.79,1782147296,4203.63,31.36,0.0,0.0,2026-06-22
97060181,892478178,XAUUSD.v,sell,0.02,1782143800,4195.49,1782147296,4204.05,-17.12,0.0,0.0,2026-06-22
97060181,892485716,XAUUSD.v,sell,0.02,1782143925,4193.24,1782144103,4191.58,3.32,0.0,0.0,2026-06-22
97060181,892494456,XAUUSD.v,sell,0.03,1782144016,4194.02,1782144126,4192.24,5.34,0.0,0.0,2026-06-22
97060181,892494479,XAUUSD.v,buy,0.01,1782144017,4194.52,1782144126,4191.82,-2.7,0.0,0.0,2026-06-22
97060181,892505766,XAUUSD.v,sell,0.02,1782144141,4193.69,1782144373,4192.06,3.26,0.0,0.0,2026-06-22
97060181,892509623,XAUUSD.v,sell,0.03,1782144245,4194.32,1782144381,4191.39,8.79,0.0,0.0,2026-06-22
97060181,892509626,XAUUSD.v,buy,0.01,1782144246,4194.76,1782144381,4190.97,-3.79,0.0,0.0,2026-06-22
97060181,892516558,XAUUSD.v,sell,0.02,1782144392,4190.98,1782144433,4189.37,3.22,0.0,0.0,2026-06-22
97060181,892516564,XAUUSD.v,buy,0.05,1782144392,4191.39,1782147296,4203.63,61.2,0.0,0.0,2026-06-22
97060181,892516571,XAUUSD.v,sell,0.02,1782144392,4190.98,1782147296,4204.05,-26.14,0.0,0.0,2026-06-22
97060181,892522166,XAUUSD.v,sell,0.02,1782144446,4189.44,1782145675,4187.8,3.28,0.0,0.0,2026-06-22
97060181,892522879,XAUUSD.v,sell,0.03,1782144460,4190.08,1782145690,4188.39,5.07,0.0,0.0,2026-06-22
97060181,892522884,XAUUSD.v,buy,0.01,1782144460,4190.62,1782145690,4187.97,-2.65,0.0,0.0,2026-06-22
97060181,892539214,XAUUSD.v,sell,0.03,1782144929,4194.37,1782145690,4188.39,17.94,0.0,0.0,2026-06-22
97060181,892539232,XAUUSD.v,buy,0.01,1782144929,4195.39,1782145690,4187.97,-7.42,0.0,0.0,2026-06-22
97060181,892573531,XAUUSD.v,sell,0.02,1782145702,4189.19,1782145723,4187.56,3.26,0.0,0.0,2026-06-22
97060181,892575329,XAUUSD.v,sell,0.02,1782145727,4186.92,1782145803,4185.39,3.06,0.0,0.0,2026-06-22
97060181,892581262,XAUUSD.v,buy,0.06,1782145746,4186.47,1782147296,4203.63,102.96,0.0,0.0,2026-06-22
97060181,892581282,XAUUSD.v,sell,0.03,1782145746,4185.96,1782147296,4204.05,-54.27,0.0,0.0,2026-06-22
97060181,892584529,XAUUSD.v,sell,0.02,1782145815,4185.8,1782145820,4184.4,2.8,0.0,0.0,2026-06-22
97060181,892589572,XAUUSD.v,sell,0.02,1782145839,4185.34,1782145987,4183.53,3.62,0.0,0.0,2026-06-22
97060181,892590829,XAUUSD.v,sell,0.03,1782145853,4186.62,1782146001,4184.03,7.77,0.0,0.0,2026-06-22
97060181,892590850,XAUUSD.v,buy,0.01,1782145853,4186.68,1782146001,4183.61,-3.07,0.0,0.0,2026-06-22
97060181,892599810,XAUUSD.v,sell,0.02,1782146019,4183.43,1782149539,4188.62,-10.38,0.0,0.0,2026-06-22
97060181,892600527,XAUUSD.v,sell,0.03,1782146037,4184.29,1782149539,4188.62,-12.99,0.0,0.0,2026-06-22
97060181,892600531,XAUUSD.v,buy,0.01,1782146038,4184.68,1782149539,4188.2,3.52,0.0,0.0,2026-06-22
97060181,892608469,XAUUSD.v,sell,0.03,1782146164,4188.99,1782149539,4188.62,1.11,0.0,0.0,2026-06-22
97060181,892608510,XAUUSD.v,buy,0.01,1782146165,4189.37,1782149539,4188.2,-1.17,0.0,0.0,2026-06-22
97060181,892624603,XAUUSD.v,sell,0.04,1782146422,4194.24,1782149539,4188.62,22.48,0.0,0.0,2026-06-22
97060181,892624648,XAUUSD.v,buy,0.02,1782146422,4194.66,1782149539,4188.2,-12.92,0.0,0.0,2026-06-22
97060181,892664330,XAUUSD.v,sell,0.04,1782146886,4198.53,1782149539,4188.62,39.64,0.0,0.0,2026-06-22
97060181,892664388,XAUUSD.v,buy,0.02,1782146886,4199.03,1782149539,4188.2,-21.66,0.0,0.0,2026-06-22
97060181,892690639,XAUUSD.v,buy,0.02,1782147325,4204.42,1782148066,4206.07,3.3,0.0,0.0,2026-06-22
97060181,892690646,XAUUSD.v,sell,0.05,1782147325,4203.99,1782149539,4188.62,76.85,0.0,0.0,2026-06-22
97060181,892690658,XAUUSD.v,buy,0.02,1782147326,4204.37,1782149539,4188.2,-32.34,0.0,0.0,2026-06-22
97060181,892693922,XAUUSD.v,buy,0.03,1782147417,4203.78,1782148085,4203.47,-0.93,0.0,0.0,2026-06-22
97060181,892693925,XAUUSD.v,sell,0.01,1782147417,4203.15,1782148085,4203.89,-0.74,0.0,0.0,2026-06-22
97060181,892701284,XAUUSD.v,buy,0.03,1782147574,4199.55,1782148085,4203.47,11.76,0.0,0.0,2026-06-22
97060181,892701289,XAUUSD.v,sell,0.01,1782147575,4199.04,1782148085,4203.89,-4.85,0.0,0.0,2026-06-22
97060181,892717684,XAUUSD.v,buy,0.04,1782147787,4195.22,1782148085,4203.47,33.0,0.0,0.0,2026-06-22
97060181,892717701,XAUUSD.v,sell,0.02,1782147787,4194.8,1782148085,4203.89,-18.18,0.0,0.0,2026-06-22
97060181,892751807,XAUUSD.v,buy,0.02,1782148157,4207.51,1782150415,4201.65,-11.72,0.0,0.0,2026-06-22
97060181,892753559,XAUUSD.v,buy,0.03,1782148197,4206.58,1782150415,4201.65,-14.79,0.0,0.0,2026-06-22
97060181,892753582,XAUUSD.v,sell,0.01,1782148198,4206.33,1782150415,4202.07,4.26,0.0,0.0,2026-06-22
97060181,892762779,XAUUSD.v,buy,0.03,1782148314,4201.4,1782150415,4201.65,0.75,0.0,0.0,2026-06-22
97060181,892762801,XAUUSD.v,sell,0.01,1782148314,4201.19,1782150415,4202.07,-0.88,0.0,0.0,2026-06-22
97060181,892786870,XAUUSD.v,buy,0.04,1782148793,4196.6,1782150415,4201.65,20.2,0.0,0.0,2026-06-22
97060181,892786971,XAUUSD.v,sell,0.02,1782148793,4196.16,1782150415,4202.07,-11.82,0.0,0.0,2026-06-22
97060181,892804113,XAUUSD.v,buy,0.04,1782149069,4191.98,1782150415,4201.65,38.68,0.0,0.0,2026-06-22
97060181,892804122,XAUUSD.v,sell,0.02,1782149069,4191.56,1782150415,4202.07,-21.02,0.0,0.0,2026-06-22
97060181,892826005,XAUUSD.v,sell,0.02,1782149566,4189.98,1782149629,4188.11,3.74,0.0,0.0,2026-06-22
97060181,892828337,XAUUSD.v,sell,0.02,1782149635,4188.46,1782149708,4186.87,3.18,0.0,0.0,2026-06-22
97060181,892828672,XAUUSD.v,sell,0.03,1782149643,4188.92,1782149711,4188.0,2.76,0.0,0.0,2026-06-22
97060181,892828675,XAUUSD.v,buy,0.01,1782149644,4189.32,1782149711,4187.58,-1.74,0.0,0.0,2026-06-22
97060181,892832164,XAUUSD.v,sell,0.02,1782149719,4186.7,1782153341,4185.24,2.92,0.0,0.0,2026-06-22
97060181,892832178,XAUUSD.v,buy,0.05,1782149720,4187.37,1782150415,4201.65,71.4,0.0,0.0,2026-06-22
97060181,892832191,XAUUSD.v,sell,0.02,1782149720,4187.05,1782150415,4202.07,-30.04,0.0,0.0,2026-06-22
97060181,892832480,XAUUSD.v,sell,0.03,1782149728,4187.12,1782153341,4185.24,5.64,0.0,0.0,2026-06-22
97060181,892832487,XAUUSD.v,buy,0.01,1782149729,4187.62,1782153341,4184.82,-2.8,0.0,0.0,2026-06-22
97060181,892840326,XAUUSD.v,sell,0.03,1782149955,4191.35,1782153341,4185.24,18.33,0.0,0.0,2026-06-22
97060181,892840345,XAUUSD.v,buy,0.01,1782149956,4191.71,1782153341,4184.82,-6.89,0.0,0.0,2026-06-22
97060181,892854089,XAUUSD.v,sell,0.04,1782150228,4196.54,1782150406,4202.43,-23.56,0.0,0.0,2026-06-22
97060181,892854108,XAUUSD.v,buy,0.02,1782150229,4197.07,1782153341,4184.82,-24.5,0.0,0.0,2026-06-22
97060181,892873339,XAUUSD.v,buy,0.02,1782150431,4204.51,1782157880,4187.33,-34.36,0.0,0.0,2026-06-22
97060181,892873428,XAUUSD.v,sell,0.04,1782150432,4204.2,1782153341,4185.24,75.84,0.0,0.0,2026-06-22
97060181,892873522,XAUUSD.v,buy,0.02,1782150432,4204.67,1782153341,4184.82,-39.7,0.0,0.0,2026-06-22
97060181,892880165,XAUUSD.v,buy,0.03,1782150474,4203.22,1782157880,4187.33,-47.67,0.0,0.0,2026-06-22
97060181,892880269,XAUUSD.v,sell,0.01,1782150475,4202.75,1782157880,4187.75,15.0,0.0,0.0,2026-06-22
97060181,892895180,XAUUSD.v,buy,0.03,1782150867,4198.49,1782157880,4187.33,-33.48,0.0,0.0,2026-06-22
97060181,892895202,XAUUSD.v,sell,0.01,1782150867,4198.11,1782157880,4187.75,10.36,0.0,0.0,2026-06-22
97060181,892936718,XAUUSD.v,buy,0.04,1782152324,4194.11,1782157880,4187.33,-27.12,0.0,0.0,2026-06-22
97060181,892936745,XAUUSD.v,sell,0.02,1782152324,4193.7,1782157880,4187.75,11.9,0.0,0.0,2026-06-22
97060181,892948186,XAUUSD.v,buy,0.04,1782152521,4189.84,1782157880,4187.33,-10.04,0.0,0.0,2026-06-22
97060181,892948213,XAUUSD.v,sell,0.02,1782152521,4189.48,1782157880,4187.75,3.46,0.0,0.0,2026-06-22
97060181,892975268,XAUUSD.v,sell,0.02,1782153364,4185.84,1782153536,4183.92,3.84,0.0,0.0,2026-06-22
97060181,892976505,XAUUSD.v,sell,0.03,1782153406,4186.76,1782153545,4184.1,7.98,0.0,0.0,2026-06-22
97060181,892976513,XAUUSD.v,buy,0.01,1782153406,4187.18,1782153545,4183.68,-3.5,0.0,0.0,2026-06-22
97060181,892977351,XAUUSD.v,buy,0.05,1782153446,4185.42,1782157880,4187.33,9.55,0.0,0.0,2026-06-22
97060181,892977358,XAUUSD.v,sell,0.02,1782153447,4185.15,1782157880,4187.75,-5.2,0.0,0.0,2026-06-22
97060181,892986741,XAUUSD.v,sell,0.02,1782153557,4181.19,1782153930,4179.47,3.44,0.0,0.0,2026-06-22
97060181,892988649,XAUUSD.v,buy,0.06,1782153567,4181.3,1782157880,4187.33,36.18,0.0,0.0,2026-06-22
97060181,892988696,XAUUSD.v,sell,0.03,1782153567,4180.92,1782157880,4187.75,-20.49,0.0,0.0,2026-06-22
97060181,892989501,XAUUSD.v,sell,0.03,1782153575,4181.43,1782153936,4178.16,9.81,0.0,0.0,2026-06-22
97060181,892989526,XAUUSD.v,buy,0.01,1782153576,4181.85,1782153936,4177.74,-4.11,0.0,0.0,2026-06-22
97060181,893004726,XAUUSD.v,sell,0.02,1782153943,4177.77,1782154013,4176.23,3.08,0.0,0.0,2026-06-22
97060181,893005778,XAUUSD.v,sell,0.03,1782153968,4179.06,1782154020,4176.2,8.58,0.0,0.0,2026-06-22
97060181,893005797,XAUUSD.v,buy,0.01,1782153968,4179.49,1782154020,4175.78,-3.71,0.0,0.0,2026-06-22
97060181,893009833,XAUUSD.v,sell,0.02,1782154030,4175.51,1782154152,4173.88,3.26,0.0,0.0,2026-06-22
97060181,893009844,XAUUSD.v,buy,0.07,1782154030,4175.85,1782157880,4187.33,80.36,0.0,0.0,2026-06-22
97060181,893009866,XAUUSD.v,sell,0.03,1782154030,4175.41,1782157880,4187.75,-37.02,0.0,0.0,2026-06-22
97060181,893010232,XAUUSD.v,sell,0.03,1782154040,4175.98,1782154165,4171.69,12.87,0.0,0.0,2026-06-22
97060181,893010240,XAUUSD.v,buy,0.01,1782154040,4176.41,1782154165,4171.27,-5.14,0.0,0.0,2026-06-22
97060181,893020343,XAUUSD.v,sell,0.02,1782154177,4172.37,1782154199,4170.44,3.86,0.0,0.0,2026-06-22
97060181,893024717,XAUUSD.v,sell,0.02,1782154211,4169.89,1782160570,4177.7,-15.62,0.0,0.0,2026-06-22
97060181,893024734,XAUUSD.v,buy,0.08,1782154212,4170.32,1782157880,4187.33,136.08,0.0,0.0,2026-06-22
97060181,893024753,XAUUSD.v,sell,0.04,1782154212,4170.18,1782157880,4187.75,-70.28,0.0,0.0,2026-06-22
97060181,893026236,XAUUSD.v,sell,0.03,1782154232,4173.57,1782160570,4177.7,-12.39,0.0,0.0,2026-06-22
97060181,893026238,XAUUSD.v,buy,0.01,1782154232,4173.89,1782160570,4177.28,3.39,0.0,0.0,2026-06-22
97060181,893034517,XAUUSD.v,sell,0.03,1782154473,4177.82,1782160570,4177.7,0.36,0.0,0.0,2026-06-22
97060181,893034522,XAUUSD.v,buy,0.01,1782154474,4178.35,1782160570,4177.28,-1.07,0.0,0.0,2026-06-22
97060181,893045015,XAUUSD.v,sell,0.04,1782154594,4182.01,1782157873,4187.35,-21.36,0.0,0.0,2026-06-22
97060181,893045045,XAUUSD.v,buy,0.02,1782154594,4182.52,1782160570,4177.28,-10.48,0.0,0.0,2026-06-22
97060181,893138334,XAUUSD.v,sell,0.04,1782157898,4186.89,1782160570,4177.7,36.76,0.0,0.0,2026-06-22
97060181,893138338,XAUUSD.v,buy,0.02,1782157898,4187.31,1782160570,4177.28,-20.06,0.0,0.0,2026-06-22
97060181,893170282,XAUUSD.v,sell,0.04,1782159698,4191.14,1782160570,4177.7,53.76,0.0,0.0,2026-06-22
97060181,893170292,XAUUSD.v,buy,0.02,1782159698,4191.56,1782160570,4177.28,-28.56,0.0,0.0,2026-06-22
97060181,893457953,XAUUSD.v,buy,0.02,1782186260,4189.73,1782186267,4191.68,3.9,0.0,0.0,2026-06-23
97060181,893461191,XAUUSD.v,buy,0.02,1782186275,4191.83,1782186318,4193.54,3.42,0.0,0.0,2026-06-23
97060181,893465878,XAUUSD.v,buy,0.02,1782186323,4193.28,1782187202,4195.01,3.46,0.0,0.0,2026-06-23
97060181,893470039,XAUUSD.v,buy,0.03,1782186402,4192.77,1782187217,4196.33,10.68,0.0,0.0,2026-06-23
97060181,893470047,XAUUSD.v,sell,0.01,1782186403,4192.4,1782187217,4196.75,-4.35,0.0,0.0,2026-06-23
97063065,890796617,XAUUSD.v,sell,0.01,1782097860,4149.77,1782102751,4198.55,-48.78,0.0,0.0,2026-06-22
97063065,890798933,XAUUSD.v,sell,0.01,1782097911,4152.0,1782102751,4198.65,-46.65,0.0,0.0,2026-06-22
97063065,890801501,XAUUSD.v,buy,0.01,1782097920,4153.35,1782102751,4198.26,44.91,0.0,0.0,2026-06-22
97063065,890802823,XAUUSD.v,buy,0.01,1782097933,4153.02,1782097956,4155.29,2.27,0.0,0.0,2026-06-22
97063065,890802975,XAUUSD.v,sell,0.01,1782097939,4153.21,1782102750,4198.6,-45.39,0.0,0.0,2026-06-22
97063065,890804640,XAUUSD.v,buy,0.01,1782097957,4155.09,1782097960,4158.17,3.08,0.0,0.0,2026-06-22
97063065,890808186,XAUUSD.v,sell,0.02,1782097964,4157.99,1782102750,4198.11,-80.24,0.0,0.0,2026-06-22
97063065,890810106,XAUUSD.v,buy,0.01,1782097975,4157.82,1782102750,4197.45,39.63,0.0,0.0,2026-06-22
97063065,890811720,XAUUSD.v,buy,0.01,1782097992,4159.13,1782098043,4161.25,2.12,0.0,0.0,2026-06-22
97063065,890811950,XAUUSD.v,buy,0.01,1782097998,4157.98,1782102749,4197.47,39.49,0.0,0.0,2026-06-22
97063065,890812264,XAUUSD.v,sell,0.01,1782098002,4157.58,1782102749,4198.1,-40.52,0.0,0.0,2026-06-22
97063065,890813041,XAUUSD.v,sell,0.02,1782098021,4158.76,1782102749,4198.21,-78.9,0.0,0.0,2026-06-22
97063065,890816936,XAUUSD.v,buy,0.01,1782098044,4161.68,1782098105,4163.71,2.03,0.0,0.0,2026-06-22
97063065,890823471,XAUUSD.v,buy,0.01,1782098111,4164.95,1782098186,4167.61,2.66,0.0,0.0,2026-06-22
97063065,890824232,XAUUSD.v,sell,0.04,1782098119,4163.86,1782102748,4198.36,-138.0,0.0,0.0,2026-06-22
97063065,890824456,XAUUSD.v,buy,0.01,1782098125,4164.5,1782102748,4197.97,33.47,0.0,0.0,2026-06-22
97063065,890829898,XAUUSD.v,buy,0.01,1782098187,4167.74,1782098234,4170.52,2.78,0.0,0.0,2026-06-22
97063065,890832545,XAUUSD.v,sell,0.06,1782098198,4166.98,1782102747,4198.36,-188.28,0.0,0.0,2026-06-22
97063065,890835516,XAUUSD.v,buy,0.01,1782098234,4170.47,1782099662,4172.61,2.14,0.0,0.0,2026-06-22
97063065,890886987,XAUUSD.v,sell,0.08,1782099617,4172.24,1782102747,4198.12,-207.04,0.0,0.0,2026-06-22
97063065,890887382,XAUUSD.v,buy,0.01,1782099623,4171.74,1782102747,4197.44,25.7,0.0,0.0,2026-06-22
97063065,890888860,XAUUSD.v,buy,0.01,1782099663,4173.26,1782099791,4175.1,1.84,0.0,0.0,2026-06-22
97063065,890896362,XAUUSD.v,buy,0.01,1782099792,4175.59,1782099933,4177.56,1.97,0.0,0.0,2026-06-22
97063065,890904779,XAUUSD.v,buy,0.01,1782099934,4177.82,1782100110,4180.01,2.19,0.0,0.0,2026-06-22
97063065,890906303,XAUUSD.v,sell,0.12,1782099943,4178.76,1782102746,4197.47,-224.52,0.0,0.0,2026-06-22
97063065,890914771,XAUUSD.v,buy,0.01,1782100111,4179.92,1782100196,4182.03,2.11,0.0,0.0,2026-06-22
97063065,890919661,XAUUSD.v,buy,0.01,1782100197,4182.55,1782100235,4184.66,2.11,0.0,0.0,2026-06-22
97063065,890926192,XAUUSD.v,buy,0.01,1782100236,4185.15,1782100283,4187.33,2.18,0.0,0.0,2026-06-22
97063065,890927757,XAUUSD.v,sell,0.18,1782100262,4185.11,1782102746,4197.42,-221.58,0.0,0.0,2026-06-22
97063065,890928062,XAUUSD.v,buy,0.01,1782100267,4185.49,1782102746,4196.93,11.44,0.0,0.0,2026-06-22
97063065,890932188,XAUUSD.v,buy,0.01,1782100283,4188.01,1782100530,4190.6,2.59,0.0,0.0,2026-06-22
97063065,890947749,XAUUSD.v,buy,0.01,1782100533,4191.74,1782100537,4194.12,2.38,0.0,0.0,2026-06-22
97063065,890954273,XAUUSD.v,sell,0.26,1782100543,4195.69,1782102745,4197.21,-39.52,0.0,0.0,2026-06-22
97063065,890958567,XAUUSD.v,buy,0.01,1782100563,4195.63,1782100651,4197.82,2.19,0.0,0.0,2026-06-22
97063065,890962879,XAUUSD.v,buy,0.01,1782100652,4197.76,1782100741,4199.78,2.02,0.0,0.0,2026-06-22
97063065,890967194,XAUUSD.v,buy,0.01,1782100742,4199.34,1782100800,4202.26,2.92,0.0,0.0,2026-06-22
97063065,890969404,XAUUSD.v,sell,0.38,1782100758,4200.07,1782102745,4197.12,112.1,0.0,0.0,2026-06-22
97063065,890969858,XAUUSD.v,buy,0.01,1782100766,4200.31,1782102745,4197.04,-3.27,0.0,0.0,2026-06-22
97063065,890980251,XAUUSD.v,buy,0.01,1782100804,4206.64,1782100805,4208.06,1.42,0.0,0.0,2026-06-22
97063065,890996471,XAUUSD.v,sell,0.55,1782100821,4218.21,1782102744,4197.48,1140.15,0.0,0.0,2026-06-22
97063065,891012624,XAUUSD.v,buy,0.01,1782100920,4207.51,1782100978,4209.55,2.04,0.0,0.0,2026-06-22
97063065,891018316,XAUUSD.v,buy,0.01,1782100981,4208.0,1782100986,4209.87,1.87,0.0,0.0,2026-06-22
97063065,891019334,XAUUSD.v,buy,0.01,1782100992,4208.15,1782101209,4211.4,3.25,0.0,0.0,2026-06-22
97063065,891035759,XAUUSD.v,buy,0.01,1782101212,4212.1,1782101273,4214.06,1.96,0.0,0.0,2026-06-22
97063065,891041097,XAUUSD.v,buy,0.01,1782101274,4214.0,1782101362,4215.9,1.9,0.0,0.0,2026-06-22
97063065,891047883,XAUUSD.v,buy,0.01,1782101363,4216.0,1782102744,4196.98,-19.02,0.0,0.0,2026-06-22
97063065,891126405,XAUUSD.v,buy,0.01,1782102758,4197.39,1782102867,4199.37,1.98,0.0,0.0,2026-06-22
97063065,891129686,XAUUSD.v,buy,0.01,1782102833,4196.34,1782106491,4194.64,-1.7,0.0,0.0,2026-06-22
97063065,891131257,XAUUSD.v,sell,0.01,1782102837,4195.46,1782106492,4195.03,0.43,0.0,0.0,2026-06-22
97063065,891134175,XAUUSD.v,buy,0.01,1782102868,4200.06,1782103090,4202.21,2.15,0.0,0.0,2026-06-22
97063065,891145667,XAUUSD.v,buy,0.01,1782103092,4202.76,1782103230,4203.62,0.86,0.0,0.0,2026-06-22
97063065,891150120,XAUUSD.v,buy,0.01,1782103230,4204.04,1782106491,4194.55,-9.49,0.0,0.0,2026-06-22
97063065,891181693,XAUUSD.v,buy,0.01,1782103983,4193.17,1782106491,4194.54,1.37,0.0,0.0,2026-06-22
97063065,891195648,XAUUSD.v,buy,0.02,1782104323,4190.5,1782106490,4194.45,7.9,0.0,0.0,2026-06-22
97063065,891196859,XAUUSD.v,sell,0.01,1782104329,4190.15,1782106492,4195.01,-4.86,0.0,0.0,2026-06-22
97063065,891232489,XAUUSD.v,buy,0.02,1782105084,4187.49,1782106490,4194.54,14.1,0.0,0.0,2026-06-22
97063065,891288721,XAUUSD.v,buy,0.01,1782106499,4195.08,1782106705,4197.31,2.23,0.0,0.0,2026-06-22
97063065,891290636,XAUUSD.v,buy,0.01,1782106520,4194.05,1782114796,4179.49,-14.56,0.0,0.0,2026-06-22
97063065,891290881,XAUUSD.v,sell,0.01,1782106524,4193.4,1782114797,4180.08,13.32,0.0,0.0,2026-06-22
97063065,891301643,XAUUSD.v,buy,0.01,1782106706,4198.02,1782106724,4199.9,1.88,0.0,0.0,2026-06-22
97063065,891305930,XAUUSD.v,buy,0.01,1782106724,4200.32,1782114795,4179.5,-20.82,0.0,0.0,2026-06-22
97063065,891322919,XAUUSD.v,buy,0.01,1782107051,4190.92,1782114795,4179.61,-11.31,0.0,0.0,2026-06-22
97063065,891332394,XAUUSD.v,buy,0.02,1782107244,4188.2,1782114795,4179.97,-16.46,0.0,0.0,2026-06-22
97063065,891332672,XAUUSD.v,sell,0.01,1782107251,4188.31,1782114797,4179.93,8.38,0.0,0.0,2026-06-22
97063065,891361316,XAUUSD.v,buy,0.02,1782108519,4184.72,1782114794,4179.97,-9.5,0.0,0.0,2026-06-22
97063065,891370767,XAUUSD.v,buy,0.04,1782108611,4180.82,1782114794,4179.95,-3.48,0.0,0.0,2026-06-22
97063065,891371198,XAUUSD.v,sell,0.01,1782108619,4180.85,1782114796,4179.89,0.96,0.0,0.0,2026-06-22
97063065,891400601,XAUUSD.v,sell,0.01,1782109033,4174.18,1782111441,4171.67,2.51,0.0,0.0,2026-06-22
97063065,891403238,XAUUSD.v,buy,0.06,1782109048,4175.98,1782114794,4179.93,23.7,0.0,0.0,2026-06-22
97063065,891404047,XAUUSD.v,sell,0.01,1782109059,4175.8,1782124256,4195.05,-19.25,0.0,0.0,2026-06-22
97063065,891404622,XAUUSD.v,buy,0.01,1782109071,4176.88,1782124258,4194.58,17.7,0.0,0.0,2026-06-22
97063065,891414578,XAUUSD.v,sell,0.01,1782109387,4176.99,1782124256,4195.06,-18.07,0.0,0.0,2026-06-22
97063065,891420997,XAUUSD.v,sell,0.01,1782109507,4179.84,1782124256,4195.06,-15.22,0.0,0.0,2026-06-22
97063065,891421530,XAUUSD.v,buy,0.01,1782109514,4180.29,1782124257,4194.54,14.25,0.0,0.0,2026-06-22
97063065,891468331,XAUUSD.v,sell,0.01,1782111442,4171.4,1782114789,4180.44,-9.04,0.0,0.0,2026-06-22
97063065,891469783,XAUUSD.v,buy,0.08,1782111451,4171.14,1782114793,4179.83,69.52,0.0,0.0,2026-06-22
97063065,891470380,XAUUSD.v,sell,0.01,1782111457,4171.4,1782114796,4179.89,-8.49,0.0,0.0,2026-06-22
97063065,891540177,XAUUSD.v,buy,0.01,1782114801,4180.19,1782115675,4182.42,2.23,0.0,0.0,2026-06-22
97063065,891541271,XAUUSD.v,buy,0.01,1782114873,4179.02,1782124253,4194.8,15.78,0.0,0.0,2026-06-22
97063065,891541358,XAUUSD.v,sell,0.01,1782114877,4178.69,1782124258,4195.03,-16.34,0.0,0.0,2026-06-22
97063065,891548516,XAUUSD.v,sell,0.02,1782115153,4181.48,1782124255,4195.05,-27.14,0.0,0.0,2026-06-22
97063065,891560230,XAUUSD.v,buy,0.01,1782115676,4182.63,1782115826,4184.69,2.06,0.0,0.0,2026-06-22
97063065,891571996,XAUUSD.v,buy,0.01,1782115827,4185.18,1782116251,4187.51,2.33,0.0,0.0,2026-06-22
97063065,891575337,XAUUSD.v,sell,0.02,1782115839,4184.65,1782124255,4195.05,-20.8,0.0,0.0,2026-06-22
97063065,891590786,XAUUSD.v,buy,0.01,1782116252,4187.76,1782116954,4189.75,1.99,0.0,0.0,2026-06-22
97063065,891599804,XAUUSD.v,sell,0.04,1782116693,4188.58,1782124255,4195.05,-25.88,0.0,0.0,2026-06-22
97063065,891600526,XAUUSD.v,buy,0.01,1782116698,4189.08,1782124257,4194.51,5.43,0.0,0.0,2026-06-22
97063065,891607445,XAUUSD.v,buy,0.01,1782116955,4190.19,1782116987,4192.43,2.24,0.0,0.0,2026-06-22
97063065,891614447,XAUUSD.v,buy,0.01,1782116988,4192.85,1782117000,4194.89,2.04,0.0,0.0,2026-06-22
97063065,891616041,XAUUSD.v,sell,0.06,1782116993,4193.3,1782124254,4195.04,-10.44,0.0,0.0,2026-06-22
97063065,891623029,XAUUSD.v,buy,0.01,1782117006,4196.32,1782117604,4198.23,1.91,0.0,0.0,2026-06-22
97063065,891657178,XAUUSD.v,buy,0.01,1782117608,4198.21,1782120272,4200.24,2.03,0.0,0.0,2026-06-22
97063065,891719552,XAUUSD.v,sell,0.08,1782119431,4198.03,1782124254,4195.02,24.08,0.0,0.0,2026-06-22
97063065,891719799,XAUUSD.v,buy,0.01,1782119439,4197.93,1782124257,4194.45,-3.48,0.0,0.0,2026-06-22
97063065,891747881,XAUUSD.v,buy,0.01,1782120273,4200.67,1782121500,4202.63,1.96,0.0,0.0,2026-06-22
97063065,891787432,XAUUSD.v,buy,0.01,1782121506,4203.54,1782121872,4205.45,1.91,0.0,0.0,2026-06-22
97063065,891791773,XAUUSD.v,sell,0.12,1782121550,4204.43,1782124254,4195.24,110.28,0.0,0.0,2026-06-22
97063065,891802727,XAUUSD.v,buy,0.01,1782121873,4205.98,1782124253,4194.34,-11.64,0.0,0.0,2026-06-22
97063065,891875571,XAUUSD.v,buy,0.01,1782124264,4194.35,1782124342,4196.26,1.91,0.0,0.0,2026-06-22
97063065,891878731,XAUUSD.v,buy,0.01,1782124345,4196.84,1782124382,4198.9,2.06,0.0,0.0,2026-06-22
97063065,891881862,XAUUSD.v,buy,0.01,1782124384,4199.77,1782129602,4198.43,-1.34,0.0,0.0,2026-06-22
97063065,891886340,XAUUSD.v,buy,0.01,1782124434,4198.62,1782129602,4198.3,-0.32,0.0,0.0,2026-06-22
97063065,891886727,XAUUSD.v,sell,0.01,1782124443,4197.87,1782129603,4198.9,-1.03,0.0,0.0,2026-06-22
97063065,891890630,XAUUSD.v,buy,0.01,1782124642,4196.76,1782129601,4198.27,1.51,0.0,0.0,2026-06-22
97063065,891898009,XAUUSD.v,buy,0.02,1782124902,4194.14,1782129601,4197.99,7.7,0.0,0.0,2026-06-22
97063065,891898290,XAUUSD.v,sell,0.01,1782124905,4193.67,1782129602,4198.88,-5.21,0.0,0.0,2026-06-22
97063065,891922704,XAUUSD.v,buy,0.01,1782125658,4190.75,1782129601,4197.95,7.2,0.0,0.0,2026-06-22
97063065,892045342,XAUUSD.v,buy,0.01,1782129604,4198.85,1782129868,4200.98,2.13,0.0,0.0,2026-06-22
97063065,892047301,XAUUSD.v,buy,0.01,1782129634,4197.6,1782130007,4209.19,11.59,0.0,0.0,2026-06-22
97063065,892048117,XAUUSD.v,sell,0.01,1782129658,4196.82,1782130008,4209.53,-12.71,0.0,0.0,2026-06-22
97063065,892057678,XAUUSD.v,buy,0.01,1782129869,4201.3,1782129926,4203.59,2.29,0.0,0.0,2026-06-22
97063065,892065652,XAUUSD.v,buy,0.01,1782129927,4204.08,1782129976,4205.11,1.03,0.0,0.0,2026-06-22
97063065,892071196,XAUUSD.v,buy,0.01,1782129976,4205.51,1782129984,4208.03,2.52,0.0,0.0,2026-06-22
97063065,892076472,XAUUSD.v,buy,0.01,1782129987,4208.04,1782130007,4209.17,1.13,0.0,0.0,2026-06-22
97063065,892079926,XAUUSD.v,buy,0.01,1782130010,4209.45,1782131629,4208.56,-0.89,0.0,0.0,2026-06-22
97063065,892081128,XAUUSD.v,buy,0.01,1782130023,4207.85,1782131629,4208.27,0.42,0.0,0.0,2026-06-22
97063065,892081743,XAUUSD.v,sell,0.01,1782130037,4207.84,1782131630,4209.01,-1.17,0.0,0.0,2026-06-22
97063065,892088854,XAUUSD.v,buy,0.01,1782130320,4206.31,1782131628,4208.21,1.9,0.0,0.0,2026-06-22
97063065,892095120,XAUUSD.v,buy,0.01,1782130407,4203.87,1782131628,4208.24,4.37,0.0,0.0,2026-06-22
97063065,892095394,XAUUSD.v,sell,0.01,1782130410,4203.37,1782131629,4209.0,-5.63,0.0,0.0,2026-06-22
97063065,892116206,XAUUSD.v,buy,0.02,1782131236,4203.86,1782131628,4208.16,8.6,0.0,0.0,2026-06-22
97063065,892134769,XAUUSD.v,buy,0.01,1782131649,4209.15,1782133773,4211.3,2.15,0.0,0.0,2026-06-22
97063065,892135255,XAUUSD.v,buy,0.01,1782131668,4207.6,1782137152,4213.85,6.25,0.0,0.0,2026-06-22
97063065,892135956,XAUUSD.v,sell,0.01,1782131682,4208.15,1782137152,4213.97,-5.82,0.0,0.0,2026-06-22
97063065,892139436,XAUUSD.v,buy,0.01,1782131779,4205.37,1782133357,4209.74,4.37,0.0,0.0,2026-06-22
97063065,892182892,XAUUSD.v,buy,0.01,1782133774,4211.88,1782133909,4213.88,2.0,0.0,0.0,2026-06-22
97063065,892198171,XAUUSD.v,buy,0.01,1782134023,4212.81,1782137152,4213.31,0.5,0.0,0.0,2026-06-22
97063065,892262021,XAUUSD.v,buy,0.01,1782136722,4204.57,1782137151,4213.03,8.46,0.0,0.0,2026-06-22
97063065,892285867,XAUUSD.v,buy,0.01,1782137163,4214.3,1782146799,4196.21,-18.09,0.0,0.0,2026-06-22
97063065,892287959,XAUUSD.v,buy,0.01,1782137179,4212.79,1782146799,4196.1,-16.69,0.0,0.0,2026-06-22
97063065,892288778,XAUUSD.v,sell,0.01,1782137186,4210.85,1782146802,4195.87,14.98,0.0,0.0,2026-06-22
97063065,892295799,XAUUSD.v,buy,0.01,1782137346,4210.87,1782146799,4195.99,-14.88,0.0,0.0,2026-06-22
97063065,892299984,XAUUSD.v,buy,0.02,1782137472,4208.77,1782146798,4196.2,-25.14,0.0,0.0,2026-06-22
97063065,892300275,XAUUSD.v,sell,0.01,1782137477,4208.23,1782146801,4195.91,12.32,0.0,0.0,2026-06-22
97063065,892320094,XAUUSD.v,buy,0.01,1782138511,4205.37,1782146798,4196.12,-9.25,0.0,0.0,2026-06-22
97063065,892425038,XAUUSD.v,buy,0.02,1782142248,4205.27,1782146798,4196.1,-18.34,0.0,0.0,2026-06-22
97063065,892440680,XAUUSD.v,sell,0.01,1782142971,4202.07,1782143257,4200.07,2.0,0.0,0.0,2026-06-22
97063065,892443748,XAUUSD.v,buy,0.04,1782143033,4201.25,1782146797,4196.2,-20.2,0.0,0.0,2026-06-22
97063065,892444609,XAUUSD.v,sell,0.01,1782143045,4201.5,1782146801,4195.9,5.6,0.0,0.0,2026-06-22
97063065,892445747,XAUUSD.v,sell,0.01,1782143089,4203.19,1782146800,4196.4,6.79,0.0,0.0,2026-06-22
97063065,892448116,XAUUSD.v,buy,0.01,1782143110,4204.17,1782146800,4195.55,-8.62,0.0,0.0,2026-06-22
97063065,892453234,XAUUSD.v,sell,0.01,1782143258,4199.88,1782143612,4197.82,2.06,0.0,0.0,2026-06-22
97063065,892468748,XAUUSD.v,sell,0.01,1782143614,4197.68,1782143784,4195.64,2.04,0.0,0.0,2026-06-22
97063065,892472839,XAUUSD.v,buy,0.06,1782143723,4196.99,1782146797,4196.09,-5.4,0.0,0.0,2026-06-22
97063065,892477463,XAUUSD.v,sell,0.01,1782143785,4195.17,1782143958,4193.16,2.01,0.0,0.0,2026-06-22
97063065,892487920,XAUUSD.v,sell,0.01,1782143961,4192.58,1782144426,4190.59,1.99,0.0,0.0,2026-06-22
97063065,892515960,XAUUSD.v,buy,0.08,1782144380,4191.27,1782146797,4196.1,38.64,0.0,0.0,2026-06-22
97063065,892516270,XAUUSD.v,sell,0.01,1782144384,4191.15,1782146801,4195.75,-4.6,0.0,0.0,2026-06-22
97063065,892518661,XAUUSD.v,sell,0.01,1782144429,4190.21,1782145675,4188.1,2.11,0.0,0.0,2026-06-22
97063065,892572227,XAUUSD.v,sell,0.01,1782145678,4187.89,1782145737,4185.74,2.15,0.0,0.0,2026-06-22
97063065,892579136,XAUUSD.v,buy,0.12,1782145735,4186.04,1782146796,4196.08,120.48,0.0,0.0,2026-06-22
97063065,892581517,XAUUSD.v,sell,0.01,1782145752,4186.01,1782145820,4184.09,1.92,0.0,0.0,2026-06-22
97063065,892588668,XAUUSD.v,sell,0.01,1782145826,4184.35,1782146800,4196.39,-12.04,0.0,0.0,2026-06-22
97063065,892656923,XAUUSD.v,sell,0.01,1782146809,4197.38,1782146833,4195.28,2.1,0.0,0.0,2026-06-22
97063065,892659492,XAUUSD.v,sell,0.01,1782146834,4194.44,1782147802,4195.17,-0.73,0.0,0.0,2026-06-22
97063065,892660099,XAUUSD.v,sell,0.01,1782146847,4196.04,1782147802,4195.28,0.76,0.0,0.0,2026-06-22
97063065,892660197,XAUUSD.v,buy,0.01,1782146850,4196.43,1782147803,4194.59,-1.84,0.0,0.0,2026-06-22
97063065,892663327,XAUUSD.v,sell,0.01,1782146882,4198.82,1782147801,4195.32,3.5,0.0,0.0,2026-06-22
97063065,892668529,XAUUSD.v,sell,0.02,1782146920,4199.99,1782147801,4195.34,9.3,0.0,0.0,2026-06-22
97063065,892670276,XAUUSD.v,buy,0.01,1782146934,4200.47,1782147802,4194.73,-5.74,0.0,0.0,2026-06-22
97063065,892672804,XAUUSD.v,buy,0.01,1782146949,4202.3,1782147285,4204.37,2.07,0.0,0.0,2026-06-22
97063065,892673975,XAUUSD.v,buy,0.01,1782146969,4201.17,1782148306,4201.1,-0.07,0.0,0.0,2026-06-22
97063065,892674333,XAUUSD.v,sell,0.01,1782146976,4200.47,1782148309,4201.03,-0.56,0.0,0.0,2026-06-22
97063065,892684786,XAUUSD.v,sell,0.01,1782147281,4203.62,1782147801,4195.36,8.26,0.0,0.0,2026-06-22
97063065,892688201,XAUUSD.v,buy,0.01,1782147303,4204.36,1782148092,4206.24,1.88,0.0,0.0,2026-06-22
97063065,892712803,XAUUSD.v,buy,0.01,1782147701,4197.5,1782147764,4194.82,-2.68,0.0,0.0,2026-06-22
97063065,892716597,XAUUSD.v,buy,0.01,1782147774,4195.09,1782147787,4194.58,-0.51,0.0,0.0,2026-06-22
97063065,892718187,XAUUSD.v,sell,0.01,1782147809,4194.84,1782148308,4201.17,-6.33,0.0,0.0,2026-06-22
97063065,892718267,XAUUSD.v,buy,0.01,1782147812,4194.63,1782148305,4201.41,6.78,0.0,0.0,2026-06-22
97063065,892718763,XAUUSD.v,sell,0.01,1782147827,4196.11,1782148307,4201.33,-5.22,0.0,0.0,2026-06-22
97063065,892719020,XAUUSD.v,buy,0.01,1782147836,4196.18,1782148309,4200.78,4.6,0.0,0.0,2026-06-22
97063065,892721057,XAUUSD.v,sell,0.01,1782147891,4197.99,1782148307,4201.34,-3.35,0.0,0.0,2026-06-22
97063065,892727467,XAUUSD.v,sell,0.02,1782148037,4200.45,1782148307,4201.29,-1.68,0.0,0.0,2026-06-22
97063065,892727751,XAUUSD.v,buy,0.01,1782148043,4200.83,1782148308,4201.08,0.25,0.0,0.0,2026-06-22
97063065,892730869,XAUUSD.v,sell,0.02,1782148058,4204.18,1782148306,4201.1,6.16,0.0,0.0,2026-06-22
97063065,892738505,XAUUSD.v,buy,0.01,1782148094,4208.51,1782148125,4209.73,1.22,0.0,0.0,2026-06-22
97063065,892746493,XAUUSD.v,sell,0.04,1782148124,4209.52,1782148306,4201.54,31.92,0.0,0.0,2026-06-22
97063065,892749848,XAUUSD.v,buy,0.01,1782148138,4209.35,1782148308,4200.75,-8.6,0.0,0.0,2026-06-22
97063065,892751814,XAUUSD.v,buy,0.01,1782148157,4207.51,1782148305,4201.41,-6.1,0.0,0.0,2026-06-22
97063065,892763429,XAUUSD.v,buy,0.01,1782148322,4202.47,1782148347,4204.47,2.0,0.0,0.0,2026-06-22
97063065,892764869,XAUUSD.v,buy,0.01,1782148350,4205.17,1782150170,4195.02,-10.15,0.0,0.0,2026-06-22
97063065,892773016,XAUUSD.v,buy,0.01,1782148578,4202.86,1782150170,4195.01,-7.85,0.0,0.0,2026-06-22
97063065,892773252,XAUUSD.v,sell,0.01,1782148583,4202.83,1782150171,4195.5,7.33,0.0,0.0,2026-06-22
97063065,892775325,XAUUSD.v,buy,0.01,1782148651,4201.72,1782150169,4195.19,-6.53,0.0,0.0,2026-06-22
97063065,892778244,XAUUSD.v,sell,0.01,1782148668,4199.61,1782148781,4197.44,2.17,0.0,0.0,2026-06-22
97063065,892780507,XAUUSD.v,buy,0.02,1782148725,4199.15,1782150169,4194.98,-8.34,0.0,0.0,2026-06-22
97063065,892780653,XAUUSD.v,sell,0.01,1782148729,4199.02,1782150171,4195.46,3.56,0.0,0.0,2026-06-22
97063065,892784565,XAUUSD.v,sell,0.01,1782148782,4196.97,1782148813,4194.84,2.13,0.0,0.0,2026-06-22
97063065,892787837,XAUUSD.v,buy,0.02,1782148802,4196.44,1782150169,4194.97,-2.94,0.0,0.0,2026-06-22
97063065,892789936,XAUUSD.v,sell,0.01,1782148828,4194.58,1782149052,4192.55,2.03,0.0,0.0,2026-06-22
97063065,892795135,XAUUSD.v,sell,0.01,1782148874,4196.0,1782154636,4183.55,12.45,0.0,0.0,2026-06-22
97063065,892795719,XAUUSD.v,buy,0.01,1782148882,4196.06,1782154637,4183.04,-13.02,0.0,0.0,2026-06-22
97063065,892801796,XAUUSD.v,sell,0.01,1782149053,4192.21,1782149455,4190.03,2.18,0.0,0.0,2026-06-22
97063065,892802735,XAUUSD.v,buy,0.04,1782149059,4191.93,1782150168,4194.97,12.16,0.0,0.0,2026-06-22
97063065,892804248,XAUUSD.v,sell,0.01,1782149072,4191.53,1782150170,4195.43,-3.9,0.0,0.0,2026-06-22
97063065,892818868,XAUUSD.v,sell,0.01,1782149456,4189.49,1782149707,4187.59,1.9,0.0,0.0,2026-06-22
97063065,892831722,XAUUSD.v,sell,0.01,1782149711,4187.61,1782153339,4185.52,2.09,0.0,0.0,2026-06-22
97063065,892832131,XAUUSD.v,buy,0.05,1782149719,4187.02,1782150168,4195.06,40.2,0.0,0.0,2026-06-22
97063065,892864479,XAUUSD.v,sell,0.01,1782150395,4199.25,1782154636,4183.55,15.7,0.0,0.0,2026-06-22
97063065,892867110,XAUUSD.v,buy,0.01,1782150405,4201.73,1782150430,4203.9,2.17,0.0,0.0,2026-06-22
97063065,892870069,XAUUSD.v,sell,0.02,1782150417,4202.47,1782154635,4183.66,37.62,0.0,0.0,2026-06-22
97063065,892873233,XAUUSD.v,buy,0.01,1782150431,4204.47,1782154636,4183.13,-21.34,0.0,0.0,2026-06-22
97063065,892878587,XAUUSD.v,buy,0.01,1782150451,4205.8,1782156913,4185.53,-20.27,0.0,0.0,2026-06-22
97063065,892879199,XAUUSD.v,sell,0.01,1782150462,4205.22,1782154635,4183.81,21.41,0.0,0.0,2026-06-22
97063065,892880033,XAUUSD.v,buy,0.01,1782150472,4203.55,1782156913,4185.55,-18.0,0.0,0.0,2026-06-22
97063065,892881160,XAUUSD.v,sell,0.01,1782150485,4201.41,1782156913,4185.88,15.53,0.0,0.0,2026-06-22
97063065,892882311,XAUUSD.v,buy,0.01,1782150502,4202.68,1782156912,4185.57,-17.11,0.0,0.0,2026-06-22
97063065,892890419,XAUUSD.v,buy,0.02,1782150789,4200.2,1782156912,4185.6,-29.2,0.0,0.0,2026-06-22
97063065,892890967,XAUUSD.v,sell,0.01,1782150793,4200.15,1782156912,4186.06,14.09,0.0,0.0,2026-06-22
97063065,892898992,XAUUSD.v,buy,0.02,1782150932,4196.77,1782156911,4185.75,-22.04,0.0,0.0,2026-06-22
97063065,892939485,XAUUSD.v,buy,0.04,1782152359,4192.37,1782156911,4185.78,-26.36,0.0,0.0,2026-06-22
97063065,892942287,XAUUSD.v,sell,0.01,1782152379,4190.74,1782156911,4186.2,4.54,0.0,0.0,2026-06-22
97063065,892956737,XAUUSD.v,buy,0.06,1782152821,4188.73,1782156910,4185.84,-17.34,0.0,0.0,2026-06-22
97063065,892973946,XAUUSD.v,sell,0.01,1782153341,4184.8,1782153552,4182.54,2.26,0.0,0.0,2026-06-22
97063065,892982604,XAUUSD.v,buy,0.08,1782153547,4183.43,1782156910,4186.08,21.2,0.0,0.0,2026-06-22
97063065,892984491,XAUUSD.v,sell,0.01,1782153553,4182.05,1782156910,4186.43,-4.38,0.0,0.0,2026-06-22
97063065,892988614,XAUUSD.v,sell,0.01,1782153567,4180.87,1782153932,4178.48,2.39,0.0,0.0,2026-06-22
97063065,893002661,XAUUSD.v,sell,0.01,1782153933,4177.8,1782154014,4176.09,1.71,0.0,0.0,2026-06-22
97063065,893007933,XAUUSD.v,buy,0.12,1782154013,4176.2,1782156909,4186.07,118.44,0.0,0.0,2026-06-22
97063065,893009739,XAUUSD.v,sell,0.01,1782154027,4175.44,1782154158,4172.78,2.66,0.0,0.0,2026-06-22
97063065,893018054,XAUUSD.v,sell,0.01,1782154161,4172.77,1782154199,4170.44,2.33,0.0,0.0,2026-06-22
97063065,893023543,XAUUSD.v,sell,0.01,1782154202,4171.12,1782154635,4183.81,-12.69,0.0,0.0,2026-06-22
97063065,893049871,XAUUSD.v,sell,0.01,1782154645,4183.56,1782154887,4181.47,2.09,0.0,0.0,2026-06-22
97063065,893051927,XAUUSD.v,sell,0.01,1782154670,4184.68,1782156909,4186.09,-1.41,0.0,0.0,2026-06-22
97063065,893052424,XAUUSD.v,buy,0.01,1782154678,4185.02,1782156909,4185.53,0.51,0.0,0.0,2026-06-22
97063065,893062126,XAUUSD.v,sell,0.01,1782154905,4180.25,1782154996,4178.02,2.23,0.0,0.0,2026-06-22
97063065,893066304,XAUUSD.v,sell,0.01,1782154997,4177.75,1782155470,4175.74,2.01,0.0,0.0,2026-06-22
97063065,893079249,XAUUSD.v,sell,0.01,1782155471,4175.53,1782156908,4185.96,-10.43,0.0,0.0,2026-06-22
97063065,893395756,XAUUSD.v,sell,0.01,1782184266,4181.33,1782184338,4179.18,2.15,0.0,0.0,2026-06-23
97063065,893402256,XAUUSD.v,sell,0.01,1782184339,4178.56,1782187539,4188.66,-10.1,0.0,0.0,2026-06-23
97063065,893403393,XAUUSD.v,sell,0.01,1782184353,4179.7,1782187539,4188.67,-8.97,0.0,0.0,2026-06-23
97063065,893403566,XAUUSD.v,buy,0.01,1782184360,4180.07,1782187541,4188.14,8.07,0.0,0.0,2026-06-23
97063065,893410441,XAUUSD.v,sell,0.01,1782184580,4182.37,1782187539,4188.7,-6.33,0.0,0.0,2026-06-23
97063065,893427798,XAUUSD.v,sell,0.02,1782185234,4185.09,1782187538,4188.7,-7.22,0.0,0.0,2026-06-23
97063065,893428861,XAUUSD.v,buy,0.01,1782185241,4184.94,1782187540,4188.13,3.19,0.0,0.0,2026-06-23
97063065,893452760,XAUUSD.v,sell,0.02,1782186207,4187.29,1782187538,4188.72,-2.86,0.0,0.0,2026-06-23
97063065,893458125,XAUUSD.v,buy,0.01,1782186260,4190.18,1782186289,4192.15,1.97,0.0,0.0,2026-06-23
97063065,893461217,XAUUSD.v,sell,0.04,1782186276,4191.51,1782187538,4188.76,11.0,0.0,0.0,2026-06-23
97063065,893461746,XAUUSD.v,buy,0.01,1782186285,4192.16,1782187540,4187.95,-4.21,0.0,0.0,2026-06-23
97063065,893464192,XAUUSD.v,buy,0.01,1782186299,4192.98,1782187202,4195.01,2.03,0.0,0.0,2026-06-23
97063065,893498972,XAUUSD.v,buy,0.01,1782187265,4193.3,1782187286,4195.38,2.08,0.0,0.0,2026-06-23
97063065,893499872,XAUUSD.v,buy,0.01,1782187287,4195.73,1782187527,4187.4,-8.33,0.0,0.0,2026-06-23
97063065,893500365,XAUUSD.v,sell,0.05,1782187293,4196.06,1782187537,4188.75,36.55,0.0,0.0,2026-06-23
97063065,893518992,XAUUSD.v,sell,0.01,1782187547,4188.01,1782187595,4186.06,1.95,0.0,0.0,2026-06-23
97063065,893531407,XAUUSD.v,buy,0.01,1782187682,4191.15,1782187699,4192.81,1.66,0.0,0.0,2026-06-23
